{"text": " \u0438 \u0442\u0430\u043c \u0445\u0432\u0430\u0442\u0438\u0442 \u0431\u0443\u043a\u0432\u0430\u043b\u044c\u043d\u043e \u043d\u0435\u0441\u043a\u043e\u043b\u044c\u043a\u043e \u0441\u043b\u043e\u0432 \u0443\u0436\u0435 \u0445\u0432\u0430\u0442\u0438\u043b\u043e", "segments": [{"id": 0, "seek": 0, "start": 0.0, "end": 6.0, "text": " \u0438 \u0442\u0430\u043c \u0445\u0432\u0430\u0442\u0438\u0442 \u0431\u0443\u043a\u0432\u0430\u043b\u044c\u043d\u043e \u043d\u0435\u0441\u043a\u043e\u043b\u044c\u043a\u043e \u0441\u043b\u043e\u0432 \u0443\u0436\u0435 \u0445\u0432\u0430\u0442\u0438\u043b\u043e", "tokens": [50364, 1006, 8223, 32985, 1635, 42587, 10986, 21902, 20319, 7520, 32985, 22201, 50664], "temperature": 0.0, "avg_logprob": -0.41155712945120676, "compression_ratio": 1.2465753424657535, "no_speech_prob": 0.5171660780906677}], "language": "ru"}